{
    "faces":[33,0,1,2,3,0,0,0,0,33,4,7,6,5,1,1,1,1,33,0,4,5,1,2,2,2,2,33,1,5,6,2,3,3,3,3,33,2,6,7,3,4,4,4,4,33,4,0,3,7,5,5,5,5],
    "metadata":{
        "normals":6,
        "uvs":0,
        "vertices":8,
        "faces":6,
        "type":"Geometry",
        "generator":"io_three",
        "version":3
    },
    "normals":[-5.32907e-15,-1,2.98023e-08,0,1,0,1,4.47034e-08,2.83122e-07,-2.68221e-07,-5.96047e-08,1,-1,-1.3411e-07,-2.23517e-07,2.68221e-07,1.78814e-07,-1],
    "uvs":[],
    "vertices":[1,0.479334,-1,1,0.479335,1,-1,0.479335,1,-1,0.479334,-1,1,2.47933,-1,0.999999,2.47933,1,-1,2.47933,1,-1,2.47933,-1]
}